3.112000,3.112000,3.111769,3.111306,3.110612,3.109687,3.108530,3.107142,3.105522,3.103671,3.101589,3.099276,3.096731,3.093955,3.090947,3.087708,3.084238,3.080654,3.077109,3.073517,3.069976,3.066405,3.062801,3.059232,3.055698,3.052137,3.048557,3.044951,3.041379,3.037837,3.034239,3.030671,3.027137,3.023575,3.019995,3.016387,3.012807,3.009246,3.005712,3.002144,2.998547,2.995022,2.991482,2.987934,2.984380,2.980821,2.977257,2.973689,2.970117,2.966540,2.962958,2.959371,2.955778,2.952177,2.948561,2.945000,2.944748,2.944516,2.944298,2.944093,2.943911,2.943673,2.943478,2.943224,2.942988,2.942762,2.942545,2.942335,2.942135,2.941945,2.941775,2.941566,2.941321,2.941108,2.940925,2.940672,2.940434,2.940206,2.939985,2.939769,2.939560,2.939355,2.939157,2.938966,2.938783,2.938613,2.938412,2.938223,2.938048,2.937887,2.937739,2.937605,2.937484,2.937376,2.937282,2.937201,2.937134,2.937081,2.937040,2.937013,2.937000
0.290000,0.290000,0.294719,0.304156,0.318312,0.337186,0.360779,0.389090,0.422121,0.459869,0.502337,0.549523,0.601427,0.658050,0.719392,0.785452,0.856231,0.929046,1.001862,1.074676,1.147493,1.220308,1.293121,1.365936,1.438753,1.511569,1.584384,1.657197,1.730012,1.802829,1.875642,1.948458,2.021274,2.094090,2.166905,2.239718,2.312533,2.385348,2.458165,2.530980,2.603794,2.676612,2.749428,2.822245,2.895060,2.967876,3.040692,3.113507,3.186322,3.259137,3.331951,3.404766,3.477580,3.550393,3.623206,3.696022,3.768924,3.841826,3.914729,3.987631,4.060533,4.133436,4.206338,4.279240,4.352142,4.425045,4.497947,4.570849,4.643752,4.716654,4.789556,4.862459,4.935361,5.008263,5.081166,5.154068,5.226970,5.299872,5.372775,5.445677,5.518579,5.591482,5.664384,5.737286,5.810189,5.883091,5.953955,6.020094,6.081509,6.138200,6.190167,6.237409,6.279927,6.317721,6.350791,6.379136,6.402758,6.421655,6.435827,6.445276,6.450000
0.000000,-0.000000,-0.000000,-0.000000,-0.000000,-0.000000,-0.000000,-0.000000,-0.000000,-0.000000,-0.000000,-0.000000,-0.000000,-0.000000,-0.000000,-0.000000,-0.000000,0.000000,-0.000000,0.000000,-0.000000,-0.000000,0.000000,0.000000,-0.000000,-0.000000,-0.000000,0.000000,0.000000,-0.000000,0.000000,0.000000,-0.000000,-0.000000,-0.000000,0.000000,0.000000,0.000000,-0.000000,-0.000000,0.000000,-0.000000,-0.000000,-0.000000,-0.000000,-0.000000,-0.000000,-0.000000,-0.000000,-0.000000,-0.000000,-0.000000,-0.000000,-0.000000,0.000000,-0.000000,-0.000000,-0.000000,0.000000,0.000000,-0.000000,-0.000000,-0.000000,0.000000,-0.000000,-0.000000,0.000000,0.000000,0.000000,0.000000,0.000000,0.000000,-0.000000,0.000000,-0.000000,-0.000000,-0.000000,-0.000000,-0.000000,-0.000000,-0.000000,0.000000,-0.000000,0.000000,-0.000000,0.000000,-0.000000,-0.000000,0.000000,-0.000000,-0.000000,0.000000,-0.000000,0.000000,0.000000,-0.000000,-0.000000,0.000000,0.000000,0.000000,0.000000
-0.000000,-0.004760,-0.009520,-0.014280,-0.019040,-0.023800,-0.028561,-0.033321,-0.038081,-0.042841,-0.047601,-0.052361,-0.057121,-0.061881,-0.066641,-0.071401,-0.073742,-0.072933,-0.073913,-0.072861,-0.073480,-0.074140,-0.073443,-0.072717,-0.073268,-0.073648,-0.074203,-0.073501,-0.072881,-0.074032,-0.073413,-0.072713,-0.073273,-0.073660,-0.074247,-0.073660,-0.073273,-0.072711,-0.073405,-0.074003,-0.072533,-0.072834,-0.073000,-0.073125,-0.073231,-0.073327,-0.073418,-0.073507,-0.073598,-0.073694,-0.073800,-0.073926,-0.074095,-0.074408,-0.073266,-0.005181,-0.004778,-0.004493,-0.004201,-0.003750,-0.004906,-0.003995,-0.005237,-0.004864,-0.004647,-0.004470,-0.004302,-0.004123,-0.003901,-0.003499,-0.004315,-0.005030,-0.004377,-0.003782,-0.005207,-0.004880,-0.004697,-0.004555,-0.004432,-0.004316,-0.004200,-0.004079,-0.003941,-0.003767,-0.003479,-0.004153,-0.003876,-0.003598,-0.003321,-0.003043,-0.002766,-0.002489,-0.002212,-0.001935,-0.001659,-0.001382,-0.001105,-0.000829,-0.000552,-0.000276,0.000000
0.000000,0.097087,0.194174,0.291261,0.388348,0.485434,0.582521,0.679608,0.776695,0.873782,0.970869,1.067956,1.165042,1.262129,1.359216,1.456303,1.498186,1.498226,1.498178,1.498229,1.498199,1.498167,1.498201,1.498236,1.498209,1.498191,1.498163,1.498198,1.498228,1.498172,1.498202,1.498237,1.498209,1.498190,1.498161,1.498190,1.498209,1.498237,1.498203,1.498173,1.498245,1.498231,1.498223,1.498216,1.498211,1.498207,1.498202,1.498198,1.498193,1.498189,1.498183,1.498177,1.498169,1.498153,1.498210,1.499991,1.499992,1.499993,1.499994,1.499995,1.499992,1.499995,1.499991,1.499992,1.499993,1.499993,1.499994,1.499994,1.499995,1.499996,1.499994,1.499991,1.499994,1.499995,1.499991,1.499992,1.499993,1.499993,1.499993,1.499994,1.499994,1.499994,1.499995,1.499995,1.499996,1.458046,1.360843,1.263640,1.166437,1.069234,0.972031,0.874828,0.777625,0.680422,0.583219,0.486016,0.388812,0.291609,0.194406,0.097203,0.000000
-0.000000,0.000000,-0.000000,-0.000000,-0.000000,-0.000000,-0.000000,-0.000000,-0.000000,-0.000000,-0.000000,-0.000000,-0.000000,-0.000000,-0.000000,-0.000000,0.000000,-0.000000,0.000000,-0.000000,0.000000,0.000000,-0.000000,-0.000000,-0.000000,0.000000,0.000000,0.000000,-0.000000,0.000000,-0.000000,-0.000000,-0.000000,0.000000,0.000000,0.000000,-0.000000,-0.000000,-0.000000,0.000000,-0.000000,-0.000000,-0.000000,-0.000000,-0.000000,-0.000000,-0.000000,-0.000000,-0.000000,-0.000000,0.000000,0.000000,0.000000,0.000000,-0.000000,0.000000,0.000000,0.000000,-0.000000,-0.000000,0.000000,-0.000000,0.000000,-0.000000,0.000000,0.000000,-0.000000,0.000000,-0.000000,-0.000000,-0.000000,-0.000000,0.000000,-0.000000,-0.000000,-0.000000,0.000000,-0.000000,0.000000,-0.000000,0.000000,-0.000000,0.000000,-0.000000,0.000000,-0.000000,0.000000,0.000000,-0.000000,0.000000,0.000000,-0.000000,0.000000,0.000000,-0.000000,0.000000,0.000000,-0.000000,-0.000000,-0.000000,-0.000000
2.937000,2.937000,2.936939,2.936817,2.936634,2.936390,2.936085,2.935719,2.935291,2.934803,2.934253,2.933642,2.932969,2.932236,2.931440,2.930584,2.929665,2.928686,2.927644,2.926541,2.925376,2.924149,2.922860,2.921509,2.920097,2.918621,2.917084,2.915484,2.913822,2.912097,2.910309,2.908459,2.906545,2.904568,2.902528,2.900424,2.898256,2.896024,2.893728,2.891367,2.888942,2.886451,2.883895,2.881273,2.878585,2.875832,2.873012,2.870127,2.867175,2.864158,2.861075,2.857925,2.854842,2.851825,2.848873,2.845988,2.843168,2.840415,2.837727,2.835105,2.832549,2.830058,2.827633,2.825272,2.822976,2.820744,2.818576,2.816472,2.814432,2.812455,2.810541,2.808691,2.806903,2.805178,2.803516,2.801916,2.800379,2.798903,2.797491,2.796140,2.794851,2.793624,2.792459,2.791356,2.790314,2.789335,2.788416,2.787560,2.786764,2.786031,2.785358,2.784747,2.784197,2.783709,2.783281,2.782915,2.782610,2.782366,2.782183,2.782061,2.782000
6.450000,6.450000,6.449911,6.449733,6.449467,6.449111,6.448666,6.448132,6.447509,6.446796,6.445995,6.445104,6.444123,6.443053,6.441894,6.440645,6.439306,6.437877,6.436359,6.434750,6.433051,6.431262,6.429383,6.427414,6.425354,6.423203,6.420961,6.418629,6.416205,6.413690,6.411083,6.408385,6.405595,6.402712,6.399737,6.396669,6.393509,6.390255,6.386907,6.383465,6.379928,6.376297,6.372570,6.368747,6.364828,6.360813,6.356702,6.352494,6.348191,6.343791,6.339296,6.334704,6.330209,6.325809,6.321506,6.317298,6.313187,6.309172,6.305253,6.301430,6.297703,6.294072,6.290535,6.287093,6.283745,6.280491,6.277331,6.274263,6.271288,6.268405,6.265615,6.262917,6.260310,6.257795,6.255371,6.253039,6.250797,6.248646,6.246586,6.244617,6.242738,6.240949,6.239250,6.237641,6.236123,6.234694,6.233355,6.232106,6.230947,6.229877,6.228896,6.228005,6.227204,6.226491,6.225868,6.225334,6.224889,6.224533,6.224267,6.224089,6.224000
0.000000,0.000000,-0.000177,-0.000532,-0.001062,-0.001768,-0.002650,-0.003705,-0.004935,-0.006338,-0.007913,-0.009660,-0.011577,-0.013665,-0.015921,-0.018346,-0.020938,-0.023695,-0.026618,-0.029704,-0.032953,-0.036363,-0.039932,-0.043659,-0.047542,-0.051580,-0.055770,-0.060110,-0.064598,-0.069231,-0.074006,-0.078921,-0.083971,-0.089153,-0.094462,-0.099894,-0.105442,-0.111100,-0.116861,-0.122715,-0.128653,-0.134660,-0.140722,-0.146819,-0.152926,-0.159033,-0.165139,-0.171246,-0.177353,-0.183459,-0.189566,-0.195673,-0.201780,-0.207886,-0.213993,-0.220100,-0.226206,-0.232313,-0.238420,-0.244517,-0.250579,-0.256586,-0.262524,-0.268378,-0.274139,-0.279797,-0.285345,-0.290777,-0.296086,-0.301268,-0.306318,-0.311233,-0.316008,-0.320641,-0.325129,-0.329469,-0.333659,-0.337697,-0.341580,-0.345307,-0.348876,-0.352286,-0.355535,-0.358621,-0.361544,-0.364301,-0.366893,-0.369318,-0.371574,-0.373662,-0.375579,-0.377326,-0.378901,-0.380304,-0.381533,-0.382589,-0.383471,-0.384177,-0.384707,-0.385062,-0.385239
0.000000,-0.007985,-0.015975,-0.023968,-0.031966,-0.039969,-0.047976,-0.055988,-0.064006,-0.072028,-0.080057,-0.088091,-0.096132,-0.104179,-0.112233,-0.120294,-0.128363,-0.136439,-0.144525,-0.152619,-0.160722,-0.168836,-0.176960,-0.185096,-0.193244,-0.201404,-0.209579,-0.217768,-0.225974,-0.234197,-0.242438,-0.250699,-0.258982,-0.267289,-0.275621,-0.283981,-0.292372,-0.300795,-0.309254,-0.317751,-0.326288,-0.334863,-0.343474,-0.352107,-0.360742,-0.369377,-0.378012,-0.386647,-0.395281,-0.403916,-0.412551,-0.403916,-0.395281,-0.386647,-0.378012,-0.369377,-0.360742,-0.352107,-0.343474,-0.334863,-0.326288,-0.317751,-0.309254,-0.300795,-0.292372,-0.283981,-0.275621,-0.267289,-0.258982,-0.250699,-0.242438,-0.234197,-0.225974,-0.217768,-0.209579,-0.201404,-0.193244,-0.185096,-0.176960,-0.168836,-0.160722,-0.152619,-0.144525,-0.136439,-0.128363,-0.120294,-0.112233,-0.104179,-0.096132,-0.088091,-0.080057,-0.072028,-0.064006,-0.055988,-0.047976,-0.039969,-0.031966,-0.023968,-0.015975,-0.007985,0.000000
0.000000,-0.011643,-0.023292,-0.034947,-0.046609,-0.058277,-0.069952,-0.081634,-0.093324,-0.105022,-0.116728,-0.128443,-0.140166,-0.151899,-0.163643,-0.175396,-0.187161,-0.198937,-0.210726,-0.222528,-0.234343,-0.246174,-0.258019,-0.269882,-0.281762,-0.293661,-0.305580,-0.317520,-0.329485,-0.341474,-0.353490,-0.365535,-0.377613,-0.389724,-0.401873,-0.414063,-0.426297,-0.438579,-0.450913,-0.463302,-0.475749,-0.488252,-0.500807,-0.513395,-0.525985,-0.538575,-0.551165,-0.563756,-0.576346,-0.588936,-0.601526,-0.588936,-0.576346,-0.563756,-0.551165,-0.538575,-0.525985,-0.513395,-0.500807,-0.488252,-0.475749,-0.463302,-0.450913,-0.438579,-0.426297,-0.414063,-0.401873,-0.389724,-0.377613,-0.365535,-0.353490,-0.341474,-0.329485,-0.317521,-0.305580,-0.293661,-0.281762,-0.269882,-0.258019,-0.246174,-0.234343,-0.222528,-0.210726,-0.198937,-0.187161,-0.175396,-0.163643,-0.151899,-0.140166,-0.128443,-0.116728,-0.105022,-0.093324,-0.081634,-0.069952,-0.058277,-0.046609,-0.034947,-0.023292,-0.011643,0.000000
0.000000,-0.005809,-0.011601,-0.017375,-0.023129,-0.028864,-0.034579,-0.040271,-0.045941,-0.051586,-0.057207,-0.062801,-0.068367,-0.073903,-0.079409,-0.084881,-0.090318,-0.095718,-0.101078,-0.106396,-0.111668,-0.116892,-0.122064,-0.127180,-0.132235,-0.137225,-0.142143,-0.146983,-0.151737,-0.156398,-0.160956,-0.165398,-0.169711,-0.173881,-0.177887,-0.181707,-0.185313,-0.188670,-0.191735,-0.194453,-0.196753,-0.198538,-0.199679,-0.199999,-0.199999,-0.199999,-0.199999,-0.199999,-0.199999,-0.199999,-0.199999,-0.199999,-0.199999,-0.199999,-0.199999,-0.199999,-0.199999,-0.199999,-0.199679,-0.198538,-0.196753,-0.194453,-0.191735,-0.188670,-0.185313,-0.181707,-0.177887,-0.173881,-0.169711,-0.165398,-0.160956,-0.156398,-0.151737,-0.146983,-0.142143,-0.137225,-0.132235,-0.127180,-0.122064,-0.116892,-0.111668,-0.106396,-0.101078,-0.095718,-0.090318,-0.084881,-0.079409,-0.073903,-0.068367,-0.062801,-0.057207,-0.051586,-0.045941,-0.040271,-0.034579,-0.028864,-0.023129,-0.017375,-0.011601,-0.005809,0.000000
2.782000,2.782000,2.780938,2.778813,2.775625,2.771376,2.766064,2.759689,2.752252,2.743753,2.734191,2.723567,2.711880,2.699131,2.685320,2.670446,2.654509,2.637511,2.619449,2.600326,2.580140,2.558891,2.536580,2.513578,2.490575,2.467572,2.444569,2.421566,2.398563,2.375561,2.352558,2.329555,2.306552,2.283549,2.260547,2.237544,2.214541,2.191538,2.168535,2.145532,2.122530,2.099527,2.076524,2.053521,2.030518,2.007516,1.984513,1.961510,1.938507,1.915504,1.892501,1.869499,1.846496,1.823493,1.800490,1.777487,1.754484,1.731482,1.708479,1.685476,1.662473,1.639470,1.616468,1.593465,1.570462,1.547459,1.524456,1.501453,1.478451,1.455448,1.432445,1.409442,1.386439,1.363437,1.340434,1.317431,1.294428,1.271425,1.248422,1.225420,1.203109,1.181860,1.161674,1.142551,1.124489,1.107491,1.091554,1.076680,1.062869,1.050120,1.038433,1.027809,1.018247,1.009748,1.002311,0.995936,0.990624,0.986375,0.983187,0.981062,0.980000
6.224000,6.224000,6.224094,6.224283,6.224566,6.224943,6.225415,6.225981,6.226641,6.227396,6.228245,6.229188,6.230226,6.231358,6.232584,6.233905,6.235320,6.236829,6.238433,6.240131,6.241923,6.243810,6.245791,6.247833,6.249876,6.251918,6.253961,6.256003,6.258045,6.260088,6.262130,6.264173,6.266215,6.268258,6.270300,6.272342,6.274385,6.276427,6.278470,6.280512,6.282555,6.284597,6.286639,6.288682,6.290724,6.292767,6.294809,6.296852,6.298894,6.300936,6.302979,6.305021,6.307064,6.309106,6.311148,6.313191,6.315233,6.317276,6.319318,6.321361,6.323403,6.325445,6.327488,6.329530,6.331573,6.333615,6.335658,6.337700,6.339742,6.341785,6.343827,6.345870,6.347912,6.349955,6.351997,6.354039,6.356082,6.358124,6.360167,6.362209,6.364190,6.366077,6.367869,6.369567,6.371171,6.372680,6.374095,6.375416,6.376642,6.377774,6.378812,6.379755,6.380604,6.381359,6.382019,6.382585,6.383057,6.383434,6.383717,6.383906,6.384000
-0.385239,-0.385239,-0.385239,-0.385239,-0.385239,-0.385239,-0.385239,-0.385239,-0.385239,-0.385239,-0.385239,-0.385239,-0.385239,-0.385238,-0.385238,-0.385238,-0.385238,-0.385238,-0.385238,-0.385238,-0.385238,-0.385237,-0.385237,-0.382603,-0.376275,-0.371548,-0.368472,-0.367094,-0.367468,-0.369645,-0.373685,-0.379645,-0.387587,-0.397573,-0.409669,-0.423939,-0.440446,-0.459256,-0.480432,-0.504037,-0.530134,-0.558784,-0.590044,-0.623972,-0.660622,-0.700048,-0.742300,-0.787427,-0.835475,-0.886490,-0.940514,-0.997590,-1.051691,-1.102862,-1.151148,-1.196594,-1.239248,-1.279158,-1.316373,-1.350943,-1.382919,-1.412355,-1.439339,-1.463886,-1.486053,-1.505889,-1.523442,-1.538763,-1.551900,-1.562904,-1.571822,-1.578702,-1.583589,-1.586526,-1.587555,-1.586715,-1.584047,-1.579587,-1.573368,-1.570798,-1.570797,-1.570797,-1.570797,-1.570797,-1.570797,-1.570797,-1.570797,-1.570797,-1.570797,-1.570797,-1.570797,-1.570797,-1.570796,-1.570796,-1.570796,-1.570796,-1.570796,-1.570796,-1.570796,-1.570796,-1.570796
0.000000,-0.046006,-0.092011,-0.138017,-0.184023,-0.230028,-0.276034,-0.322039,-0.368045,-0.414051,-0.460056,-0.506062,-0.552068,-0.598073,-0.644079,-0.690085,-0.736090,-0.782096,-0.828101,-0.874107,-0.920113,-0.966118,-0.996081,-0.996081,-0.996081,-0.996081,-0.996081,-0.996081,-0.996081,-0.996081,-0.996081,-0.996081,-0.996081,-0.996081,-0.996081,-0.996081,-0.996081,-0.996081,-0.996081,-0.996081,-0.996081,-0.996081,-0.996081,-0.996081,-0.996081,-0.996081,-0.996081,-0.996081,-0.996081,-0.996081,-0.996081,-0.996081,-0.996081,-0.996081,-0.996081,-0.996081,-0.996081,-0.996081,-0.996081,-0.996081,-0.996081,-0.996081,-0.996081,-0.996081,-0.996081,-0.996081,-0.996081,-0.996081,-0.996081,-0.996081,-0.996081,-0.996081,-0.996081,-0.996081,-0.996081,-0.996081,-0.996081,-0.996081,-0.996081,-0.966118,-0.920113,-0.874107,-0.828101,-0.782096,-0.736090,-0.690085,-0.644079,-0.598073,-0.552068,-0.506062,-0.460056,-0.414051,-0.368045,-0.322039,-0.276034,-0.230028,-0.184023,-0.138017,-0.092011,-0.046006,0.000000
0.000000,0.004085,0.008170,0.012255,0.016339,0.020424,0.024509,0.028594,0.032679,0.036764,0.040849,0.044933,0.049018,0.053103,0.057188,0.061273,0.065358,0.069442,0.073527,0.077612,0.081697,0.085782,0.088442,0.088442,0.088442,0.088442,0.088442,0.088442,0.088442,0.088442,0.088442,0.088442,0.088442,0.088442,0.088442,0.088442,0.088442,0.088442,0.088442,0.088442,0.088442,0.088442,0.088442,0.088442,0.088442,0.088442,0.088442,0.088442,0.088442,0.088442,0.088442,0.088442,0.088442,0.088442,0.088442,0.088442,0.088442,0.088442,0.088442,0.088442,0.088442,0.088442,0.088442,0.088442,0.088442,0.088442,0.088442,0.088442,0.088442,0.088442,0.088442,0.088442,0.088442,0.088442,0.088442,0.088442,0.088442,0.088442,0.088442,0.085782,0.081697,0.077612,0.073527,0.069442,0.065358,0.061273,0.057188,0.053103,0.049018,0.044933,0.040849,0.036764,0.032679,0.028594,0.024509,0.020424,0.016339,0.012255,0.008170,0.004085,0.000000
0.000000,0.000000,0.000000,0.000000,0.000000,0.000000,0.000000,0.000000,0.000000,0.000001,0.000001,0.000001,0.000001,0.000001,0.000001,0.000001,0.000001,0.000001,0.000002,0.000002,0.000002,0.000003,0.028518,0.068509,0.051164,0.033304,0.014912,-0.004039,-0.023577,-0.043728,-0.064520,-0.085976,-0.108114,-0.130945,-0.154475,-0.178704,-0.203629,-0.229242,-0.255537,-0.282526,-0.310148,-0.338412,-0.367292,-0.396765,-0.426810,-0.457403,-0.488525,-0.520153,-0.552268,-0.584850,-0.617878,-0.585681,-0.553959,-0.522724,-0.491986,-0.461759,-0.432051,-0.402874,-0.374239,-0.346161,-0.318667,-0.292120,-0.265735,-0.239974,-0.214735,-0.190027,-0.165854,-0.142222,-0.119119,-0.096541,-0.074487,-0.052901,-0.031794,-0.011139,0.009085,0.028890,0.048278,0.067325,0.027827,0.000002,0.000002,0.000001,0.000001,0.000001,0.000001,0.000001,0.000001,0.000001,0.000001,0.000001,0.000000,0.000000,0.000000,0.000000,0.000000,0.000000,0.000000,0.000000,0.000000,0.000000,0.000000
0.980000,0.980000,0.975003,0.965491,0.952106,0.935733,0.917640,0.899695,0.884634,0.875981,0.876954,0.889229,0.913193,0.948688,0.995410,1.053048,1.121325,1.200000,1.288870,1.384656,1.486362,1.586775,1.681028,1.765511,1.838573,1.900000,1.949739,1.987834,2.014388,2.029545,2.033480,2.026386,2.008466,1.979925,1.940969,1.891785,1.832372,1.762731,1.682861,1.592762,1.495067,1.407601,1.330363,1.263354,1.206573,1.160021,1.124471,1.100334,1.087809,1.086964,1.097803,1.120292,1.154378,1.200000,1.257094,1.325344,1.404854,1.495847,1.596809,1.688281,1.769428,1.840033,1.900000,1.948438,1.985190,2.010432,2.024492,2.027747,2.020566,2.003293,1.976237,1.939674,1.893859,1.838669,1.773907,1.699213,1.613788,1.518257,1.427655,1.344055,1.268073,1.200000,1.141259,1.091848,1.051764,1.021006,0.999568,0.987443,0.984617,0.991044,0.986261,0.977623,0.969698,0.962654,0.956491,0.951208,0.946805,0.943283,0.940642,0.938881,0.938000
6.380000,6.380000,6.369433,6.348085,6.315708,6.272031,6.216792,6.149866,6.071612,5.983583,5.888923,5.791282,5.693567,5.597767,5.505220,5.416851,5.333325,5.255137,5.182666,5.119619,5.066651,5.011269,4.945953,4.874221,4.800000,4.724659,4.649437,4.575237,4.502887,4.433136,4.366654,4.304043,4.245839,4.192516,4.144500,4.102141,4.065439,4.034394,4.009007,3.989276,3.962735,3.930537,3.892682,3.849169,3.800000,3.745173,3.686397,3.625104,3.562459,3.499398,3.436675,3.374907,3.314602,3.256180,3.200000,3.147307,3.097751,3.050378,2.996903,2.936605,2.870828,2.800000,2.724330,2.646732,2.569396,2.494092,2.422195,2.354754,2.292580,2.236303,2.186423,2.143341,2.107405,2.078450,2.056201,2.040118,2.028668,2.011346,1.983425,1.946145,1.900000,1.845248,1.783458,1.714626,1.638750,1.555826,1.465848,1.368808,1.264684,1.153419,1.038846,0.924499,0.819599,0.726355,0.644766,0.574833,0.516555,0.469933,0.434967,0.411656,0.400000
-1.570796,-1.570796,-1.570796,-1.570796,-1.570796,-1.570796,-1.570796,-1.570796,-1.570796,-1.570796,-1.570796,-1.570796,-1.570796,-1.570796,-1.570796,-1.570796,-1.570796,-1.570796,-1.570796,-1.570796,-1.570796,-1.570796,-1.570796,-1.570796,-1.570796,-1.570796,-1.570796,-1.570796,-1.570796,-1.570796,-1.570796,-1.570796,-1.570796,-1.570796,-1.570796,-1.570796,-1.570796,-1.570796,-1.570796,-1.570796,-1.570796,-1.570796,-1.570796,-1.570796,-1.570796,-1.570796,-1.570796,-1.570796,-1.570796,-1.570796,-1.570796,-1.570796,-1.570796,-1.570796,-1.570796,-1.570796,-1.570796,-1.570796,-1.570796,-1.570796,-1.570796,-1.570796,-1.570796,-1.570796,-1.570796,-1.570796,-1.570796,-1.570796,-1.570796,-1.570796,-1.570796,-1.570796,-1.570796,-1.570796,-1.570796,-1.570796,-1.570796,-1.570796,-1.570796,-1.570796,-1.570796,-1.570796,-1.570796,-1.570796,-1.570796,-1.570796,-1.570796,-1.570796,-1.570796,-1.570796,-1.570796,-1.570796,-1.570796,-1.570796,-1.570796,-1.570796,-1.570796,-1.570796,-1.570796,-1.570796,-1.570796
0.000000,-0.065364,-0.124424,-0.175088,-0.214170,-0.236672,-0.234722,-0.197019,-0.113188,0.012729,0.160572,0.313466,0.464297,0.611154,0.753949,0.893106,1.029129,1.162483,1.252945,1.330389,1.313467,1.232897,1.105094,0.955703,0.803509,0.650620,0.498310,0.347339,0.198267,0.051476,-0.092794,-0.234414,-0.373334,-0.509567,-0.643364,-0.777161,-0.910958,-1.044755,-1.178553,-1.277917,-1.144120,-1.010323,-0.876526,-0.742729,-0.608933,-0.465030,-0.315717,-0.163847,-0.011047,0.141785,0.294172,0.445868,0.596765,0.746826,0.892759,1.040047,1.190253,1.320658,1.196515,1.061454,0.923569,0.784407,0.633604,0.480745,0.330179,0.183916,0.042572,-0.093928,-0.225941,-0.353910,-0.478279,-0.599283,-0.721920,-0.847144,-0.977043,-1.117413,-1.249615,-1.185140,-1.093552,-0.993895,-0.890439,-0.768376,-0.646334,-0.524319,-0.402342,-0.280423,-0.158600,-0.036969,0.084077,-0.062567,-0.112996,-0.103659,-0.092141,-0.080623,-0.069106,-0.057588,-0.046071,-0.034553,-0.023035,-0.011518,-0.000000
0.000000,-0.138221,-0.279251,-0.423510,-0.571328,-0.722559,-0.875444,-1.023619,-1.151485,-1.238217,-1.277203,-1.278181,-1.253131,-1.210581,-1.155927,-1.092580,-1.022759,-0.947963,-0.824699,-0.692866,-0.724433,-0.854379,-0.938306,-0.970861,-0.985513,-0.983961,-0.970583,-0.946386,-0.912400,-0.869624,-0.818992,-0.761360,-0.697497,-0.628084,-0.554085,-0.480086,-0.406087,-0.332088,-0.258090,-0.347174,-0.421173,-0.495172,-0.569172,-0.643171,-0.717170,-0.768837,-0.801751,-0.819443,-0.824889,-0.820452,-0.807964,-0.788843,-0.764192,-0.734878,-0.689261,-0.648227,-0.619668,-0.699492,-0.788743,-0.860410,-0.926479,-0.989816,-1.015033,-1.011616,-0.985022,-0.940470,-0.882168,-0.813282,-0.736144,-0.652470,-0.563533,-0.470068,-0.378758,-0.291029,-0.210382,-0.149771,-0.226584,-0.365221,-0.487652,-0.603609,-0.716189,-0.808266,-0.900370,-0.992511,-1.084702,-1.176969,-1.269362,-1.362009,-1.455419,-1.498695,-1.495738,-1.372163,-1.219701,-1.067238,-0.914776,-0.762313,-0.609850,-0.457388,-0.304925,-0.152463,-0.000000
-0.000000,-0.000000,-0.000000,-0.000000,-0.000000,-0.000000,-0.000000,-0.000000,-0.000000,-0.000000,-0.000000,-0.000000,-0.000000,-0.000000,-0.000000,-0.000000,-0.000000,-0.000000,-0.000000,-0.000000,-0.000000,-0.000000,-0.000000,-0.000000,-0.000000,-0.000000,-0.000000,-0.000000,-0.000000,-0.000000,0.000000,0.000000,0.000000,0.000000,0.000000,0.000000,0.000000,0.000000,0.000000,0.000000,0.000000,0.000000,0.000000,0.000000,0.000000,0.000000,0.000000,0.000000,0.000000,0.000000,0.000000,0.000000,0.000000,0.000000,0.000000,0.000000,0.000000,0.000000,0.000000,0.000000,0.000000,0.000000,0.000000,0.000000,0.000000,0.000000,0.000000,0.000000,0.000000,0.000000,0.000000,0.000000,0.000000,0.000000,0.000000,0.000000,0.000000,0.000000,0.000000,0.000000,0.000000,0.000000,0.000000,0.000000,0.000000,0.000000,0.000000,0.000000,0.000000,0.000000,0.000000,0.000000,0.000000,0.000000,0.000000,0.000000,0.000000,0.000000,0.000000,0.000000,0.000000
0.980000,0.980000,0.979920,0.979764,0.979540,0.979255,0.978921,0.978557,0.978191,0.977883,0.977808,0.987812,0.998300,1.018433,1.048577,1.088851,1.139314,1.200000,1.270933,1.351031,1.439976,1.536935,1.636801,1.725286,1.802901,1.869967,1.926655,1.973069,2.009081,2.034451,2.048951,2.052376,2.044561,2.025397,1.994853,1.952994,1.900000,1.836173,1.762442,1.678806,1.585267,1.493575,1.411787,1.339904,1.277925,1.225850,1.183680,1.152433,1.132513,1.123962,1.126643,1.140354,1.164877,1.200000,1.245526,1.300676,1.365448,1.439843,1.523860,1.617501,1.702946,1.778767,1.844966,1.901542,1.948495,1.985826,2.013228,2.030409,2.037044,2.032794,2.017351,1.990531,1.952478,1.903931,1.846394,1.781931,1.710233,1.630655,1.541212,1.449645,1.361647,1.278288,1.200000,1.128872,1.065302,1.009861,0.963406,0.927232,0.902012,0.888000,0.885339,0.894054,0.902843,0.910656,0.917492,0.923351,0.928234,0.932141,0.935070,0.937023,0.938000
6.380000,6.380000,6.368619,6.345857,6.311713,6.266189,6.209283,6.140996,6.061327,5.970278,5.867849,5.760137,5.663795,5.573496,5.488612,5.408916,5.334292,5.264669,5.200000,5.142079,5.091318,5.048639,5.016964,4.985373,4.950406,4.911169,4.867258,4.818450,4.765023,4.707561,4.646727,4.583269,4.518023,4.451918,4.385965,4.321243,4.258877,4.200000,4.146731,4.099069,4.057014,4.016825,3.971030,3.919627,3.862617,3.800000,3.731776,3.660354,3.587831,3.515866,3.445734,3.378408,3.314637,3.255011,3.200000,3.151067,3.108211,3.071433,3.040733,3.016110,2.994712,2.967237,2.933685,2.894055,2.848347,2.796562,2.739211,2.676856,2.610220,2.540258,2.468240,2.395862,2.325311,2.259165,2.200000,2.149866,2.108518,2.075382,2.047924,2.009285,1.959839,1.900000,1.829972,1.751096,1.663712,1.568360,1.466025,1.358808,1.248499,1.136215,1.023092,0.910273,0.808218,0.717503,0.638127,0.570091,0.513394,0.468036,0.434018,0.411339,0.400000
-1.570796,-1.570796,-1.570796,-1.570796,-1.570796,-1.570796,-1.570796,-1.570796,-1.570796,-1.570796,-1.570796,-1.570796,-1.570796,-1.570796,-1.570796,-1.570796,-1.570796,-1.570796,-1.570796,-1.570796,-1.570796,-1.570796,-1.570796,-1.570796,-1.570796,-1.570796,-1.570796,-1.570796,-1.570796,-1.570796,-1.570796,-1.570796,-1.570796,-1.570796,-1.570796,-1.570796,-1.570796,-1.570796,-1.570796,-1.570796,-1.570796,-1.570796,-1.570796,-1.570796,-1.570796,-1.570796,-1.570796,-1.570796,-1.570796,-1.570796,-1.570796,-1.570796,-1.570796,-1.570796,-1.570796,-1.570796,-1.570796,-1.570796,-1.570796,-1.570796,-1.570796,-1.570796,-1.570796,-1.570796,-1.570796,-1.570796,-1.570796,-1.570796,-1.570796,-1.570796,-1.570796,-1.570796,-1.570796,-1.570796,-1.570796,-1.570796,-1.570796,-1.570796,-1.570796,-1.570796,-1.570796,-1.570796,-1.570796,-1.570796,-1.570796,-1.570796,-1.570796,-1.570796,-1.570796,-1.570796,-1.570796,-1.570796,-1.570796,-1.570796,-1.570796,-1.570796,-1.570796,-1.570796,-1.570796,-1.570796,-1.570796
0.000000,-0.001064,-0.002062,-0.002976,-0.003777,-0.004421,-0.004830,-0.004846,-0.004082,-0.001001,0.132618,0.139031,0.266886,0.399593,0.533878,0.668941,0.804467,0.940301,1.061792,1.179073,1.285300,1.323837,1.172968,1.028880,0.889035,0.751462,0.615278,0.477385,0.336309,0.192210,0.045403,-0.103598,-0.254041,-0.404901,-0.554888,-0.702496,-0.846100,-0.977393,-1.108686,-1.239978,-1.215481,-1.084188,-0.952896,-0.821603,-0.690310,-0.559018,-0.414218,-0.264054,-0.113363,0.035541,0.181761,0.325082,0.465594,0.603505,0.731067,0.858629,0.986191,1.113753,1.241315,1.132667,1.005105,0.877543,0.749981,0.622419,0.494856,0.363254,0.227751,0.087953,-0.056332,-0.204725,-0.355522,-0.504440,-0.643550,-0.762717,-0.854526,-0.950438,-1.054910,-1.185659,-1.213834,-1.166518,-1.105014,-1.037801,-0.942884,-0.842692,-0.734943,-0.615814,-0.479525,-0.334324,-0.185741,-0.035279,0.115534,0.116511,0.103565,0.090619,0.077674,0.064728,0.051782,0.038837,0.025891,0.012946,0.000000
0.000000,-0.150869,-0.301739,-0.452610,-0.603481,-0.754353,-0.905225,-1.056099,-1.206970,-1.357811,-1.427852,-1.277115,-1.197016,-1.125241,-1.056463,-0.989227,-0.922930,-0.857265,-0.767808,-0.672897,-0.565760,-0.419891,-0.418781,-0.463517,-0.520141,-0.582079,-0.647016,-0.708239,-0.761720,-0.806422,-0.841215,-0.864905,-0.876298,-0.874287,-0.857963,-0.826742,-0.780476,-0.706146,-0.631816,-0.557486,-0.532742,-0.607073,-0.681403,-0.755733,-0.830064,-0.904394,-0.946771,-0.961385,-0.953972,-0.929679,-0.892495,-0.845358,-0.790412,-0.729229,-0.648665,-0.568100,-0.487535,-0.406971,-0.326406,-0.283648,-0.364213,-0.444777,-0.525342,-0.605907,-0.686471,-0.760252,-0.826596,-0.883334,-0.927434,-0.954678,-0.959453,-0.935238,-0.876835,-0.784303,-0.664580,-0.548116,-0.439266,-0.363984,-0.512203,-0.655465,-0.793233,-0.928308,-1.045583,-1.158385,-1.263993,-1.356572,-1.421287,-1.462268,-1.488456,-1.499585,-1.495544,-1.352851,-1.202535,-1.052218,-0.901901,-0.751584,-0.601267,-0.450951,-0.300634,-0.150317,-0.000000
-0.000000,-0.000000,-0.000000,-0.000000,-0.000000,-0.000000,-0.000000,-0.000000,-0.000000,-0.000000,-0.000000,-0.000000,-0.000000,-0.000000,-0.000000,-0.000000,-0.000000,-0.000000,-0.000000,-0.000000,-0.000000,-0.000000,-0.000000,-0.000000,-0.000000,-0.000000,-0.000000,-0.000000,-0.000000,-0.000000,-0.000000,-0.000000,-0.000000,-0.000000,-0.000000,-0.000000,-0.000000,-0.000000,-0.000000,-0.000000,-0.000000,-0.000000,-0.000000,-0.000000,-0.000000,-0.000000,0.000000,0.000000,0.000000,0.000000,0.000000,0.000000,0.000000,-0.000000,-0.000000,-0.000000,-0.000000,-0.000000,-0.000000,-0.000000,-0.000000,-0.000000,-0.000000,-0.000000,-0.000000,-0.000000,-0.000000,-0.000000,-0.000000,-0.000000,-0.000000,-0.000000,-0.000000,-0.000000,-0.000000,0.000000,0.000000,0.000000,0.000000,0.000000,0.000000,0.000000,0.000000,0.000000,0.000000,0.000000,0.000000,0.000000,0.000000,0.000000,0.000000,0.000000,0.000000,0.000000,0.000000,0.000000,0.000000,0.000000,0.000000,0.000000,0.000000
3.112000,3.112000,3.111653,3.110960,3.109920,3.108534,3.106801,3.104722,3.102541,3.100360,3.098179,3.095998,3.093817,3.091636,3.089455,3.087274,3.085093,3.082912,3.080731,3.078550,3.076369,3.074188,3.072007,3.069826,3.067645,3.065464,3.063283,3.061102,3.058920,3.056739,3.054558,3.052377,3.050196,3.048015,3.045834,3.043653,3.041472,3.039291,3.037109,3.034928,3.032747,3.030566,3.028385,3.026203,3.024022,3.021841,3.019660,3.017478,3.015297,3.013116,3.010934,3.008753,3.006571,3.004390,3.002208,3.000027,2.997845,2.995664,2.993482,2.991300,2.989119,2.986937,2.984755,2.982573,2.980392,2.978210,2.976028,2.971325,2.954117,2.925763,2.893038,2.856057,2.818133,2.779448,2.730258,2.672095,2.607639,2.536851,2.461264,2.384639,2.308008,2.231370,2.154737,2.078107,2.001480,1.924860,1.848230,1.771594,1.694969,1.618333,1.541703,1.465080,1.388444,1.311813,1.235189,1.162278,1.101518,1.052911,1.016456,0.992152,0.980000
0.290000,0.290000,0.302622,0.327866,0.365733,0.416221,0.479331,0.555064,0.634491,0.713918,0.793345,0.872773,0.952200,1.031627,1.111054,1.190481,1.269908,1.349335,1.428763,1.508190,1.587617,1.667044,1.746471,1.825898,1.905325,1.984753,2.064180,2.143607,2.223034,2.302461,2.381888,2.461315,2.540743,2.620170,2.699597,2.779024,2.858451,2.937878,3.017305,3.096733,3.176160,3.255587,3.335014,3.414441,3.493868,3.573295,3.652723,3.732150,3.811577,3.891004,3.970431,4.049858,4.129285,4.208712,4.288140,4.367567,4.446994,4.526421,4.605848,4.685275,4.764702,4.844129,4.923557,5.002984,5.082411,5.161838,5.241265,5.320583,5.398154,5.472380,5.544785,5.615112,5.684934,5.754339,5.816739,5.870873,5.917336,5.953426,5.977921,5.998946,6.019949,6.040924,6.061920,6.082927,6.103947,6.124987,6.145996,6.166980,6.188005,6.208988,6.229995,6.251027,6.272010,6.293015,6.314042,6.334030,6.350686,6.364012,6.374006,6.380669,6.384000
0.000000,0.000000,-0.000000,-0.000000,-0.000001,-0.000001,-0.000002,-0.000003,-0.029446,-0.044214,-0.074603,-0.098622,-0.110064,-0.139757,-0.153291,-0.182885,-0.192710,-0.215897,-0.246101,-0.259071,-0.288716,-0.301709,-0.331377,-0.344601,-0.374299,-0.387723,-0.417450,-0.431094,-0.460853,-0.474733,-0.504524,-0.518615,-0.548352,-0.559806,-0.583813,-0.614195,-0.629172,-0.659098,-0.674301,-0.704736,-0.729110,-0.741556,-0.771443,-0.786747,-0.816717,-0.832017,-0.861972,-0.877054,-0.906965,-0.921574,-0.951405,-0.965412,-0.995625,-1.018480,-1.026870,-1.056033,-1.065517,-1.094380,-1.101099,-1.129303,-1.132431,-1.159479,-1.157783,-1.182669,-1.176161,-1.199396,-1.195869,-1.164212,-1.132429,-1.100646,-1.068864,-1.037081,-1.005298,-0.973515,-0.941732,-0.922968,-0.935444,-0.961623,-0.993406,-1.025189,-1.056971,-1.088754,-1.120537,-1.152319,-1.184102,-1.215885,-1.247667,-1.279450,-1.311233,-1.343015,-1.374798,-1.406581,-1.438363,-1.470146,-1.501929,-1.521605,-1.538002,-1.551120,-1.560958,-1.567517,-1.570796
-0.000000,-0.004362,-0.008724,-0.013086,-0.017448,-0.021810,-0.026172,-0.027449,-0.027449,-0.027449,-0.027449,-0.027449,-0.027449,-0.027449,-0.027449,-0.027449,-0.027449,-0.027449,-0.027449,-0.027449,-0.027449,-0.027449,-0.027449,-0.027449,-0.027449,-0.027449,-0.027449,-0.027449,-0.027450,-0.027450,-0.027450,-0.027450,-0.027450,-0.027450,-0.027450,-0.027450,-0.027450,-0.027451,-0.027451,-0.027451,-0.027451,-0.027451,-0.027452,-0.027452,-0.027452,-0.027452,-0.027453,-0.027453,-0.027453,-0.027454,-0.027454,-0.027454,-0.027455,-0.027455,-0.027456,-0.027456,-0.027456,-0.027457,-0.027457,-0.027458,-0.027458,-0.027458,-0.027459,-0.027459,-0.027460,-0.027460,-0.059187,-0.216572,-0.356837,-0.411860,-0.465423,-0.477296,-0.486857,-0.619077,-0.732006,-0.811206,-0.890897,-0.951296,-0.964355,-0.964430,-0.964528,-0.964459,-0.964416,-0.964374,-0.964305,-0.964409,-0.964499,-0.964354,-0.964502,-0.964417,-0.964334,-0.964502,-0.964423,-0.964352,-0.917616,-0.764680,-0.611744,-0.458808,-0.305872,-0.152936,-0.000000
-0.000000,0.158854,0.317709,0.476563,0.635417,0.794271,0.953126,0.999623,0.999623,0.999623,0.999623,0.999623,0.999623,0.999623,0.999623,0.999623,0.999623,0.999623,0.999623,0.999623,0.999623,0.999623,0.999623,0.999623,0.999623,0.999623,0.999623,0.999623,0.999623,0.999623,0.999623,0.999623,0.999623,0.999623,0.999623,0.999623,0.999623,0.999623,0.999623,0.999623,0.999623,0.999623,0.999623,0.999623,0.999623,0.999623,0.999623,0.999623,0.999623,0.999623,0.999623,0.999623,0.999623,0.999623,0.999623,0.999623,0.999623,0.999623,0.999623,0.999623,0.999623,0.999623,0.999623,0.999623,0.999623,0.999623,0.998247,0.976267,0.934166,0.911247,0.885088,0.878743,0.873482,0.785330,0.681298,0.584760,0.454206,0.308280,0.264611,0.264337,0.263979,0.264234,0.264388,0.264542,0.264793,0.264414,0.264087,0.264617,0.264077,0.264386,0.264689,0.264077,0.264365,0.264624,0.251559,0.209632,0.167706,0.125779,0.083853,0.041926,-0.000000
0.000000,-0.000000,-0.000001,-0.000001,-0.000002,-0.000002,-0.000003,-0.092639,-0.046464,-0.095615,-0.075572,-0.036000,-0.093425,-0.042584,-0.093113,-0.030911,-0.072955,-0.095032,-0.040809,-0.093274,-0.040878,-0.093347,-0.041609,-0.093438,-0.042238,-0.093531,-0.042929,-0.093632,-0.043671,-0.093734,-0.044335,-0.093562,-0.036039,-0.075533,-0.095595,-0.047122,-0.094157,-0.047833,-0.095760,-0.076689,-0.039161,-0.094034,-0.048150,-0.094298,-0.048138,-0.094251,-0.047452,-0.094109,-0.045966,-0.093859,-0.044070,-0.095061,-0.071909,-0.026398,-0.091756,-0.029843,-0.090812,-0.021140,-0.088741,-0.009841,-0.085101,0.005334,-0.078299,0.020476,-0.073105,0.011098,0.099604,0.100000,0.100000,0.100000,0.100000,0.100000,0.100000,0.100000,0.059039,-0.039254,-0.082368,-0.099999,-0.100000,-0.100000,-0.100000,-0.100000,-0.100000,-0.100000,-0.100000,-0.100000,-0.100000,-0.100000,-0.100000,-0.100000,-0.100000,-0.100000,-0.100000,-0.100000,-0.061909,-0.051591,-0.041273,-0.030955,-0.020636,-0.010318,0.000000
